title,url
When to Consider Proxies or a Scraping API For Data Collection,https://www.scraperapi.com/blog/alternatives-to-proxies-when-to-consider-a-scraping-api/
4 Best Ways to Maintain Your Web Scraping E-commerce Proxies,https://www.scraperapi.com/blog/maintaining-web-scraping-proxies-as-an-e-commerce-business-owner-is-not-easy-whats-the-solution/
Best Web Scraping Courses for Python & JavaScript,https://www.scraperapi.com/blog/best-web-scraping-courses/
What Are Residential Proxies & Why Use Them for Scraping?,https://www.scraperapi.com/blog/what-are-residential-proxies/
XPath Cheat Sheet for Web Scraping – Guide & Examples,https://www.scraperapi.com/blog/xpath-cheat-sheet/
How to Scrape HTML Table in JavaScript + Ready-To-Use Code,https://www.scraperapi.com/blog/scrape-html-table-to-csv/
How to Extract HTML Table Using R – Done in 5 Steps,https://www.scraperapi.com/blog/scrape-html-table-rvest/
"What Are Rotating Proxies? (Functions, Types, and Security)",https://www.scraperapi.com/blog/what-are-rotating-proxies/
A Fool Proof Guide to Scrape HTML Table Using Python,https://www.scraperapi.com/blog/python-loop-through-html-table/
10 Best Datacenter Proxies Worth Buying for Web Scraping,https://www.scraperapi.com/blog/the-10-best-datacenter-https-and-static-proxy-providers-for-web-scraping/
Build a Football Data Scraper With Node.js – The Easy Way,https://www.scraperapi.com/blog/how-to-scrape-football-data/
How to Build a Scraping Tool for Indeed in 9 Minutes,https://www.scraperapi.com/blog/how-to-build-a-scraping-tool-for-indeed-in-9-minutes/
How to Scrape Forex Markets Using Beautiful Soup,https://www.scraperapi.com/blog/how-to-scrape-forex-markets-using-beautiful-soup/
Scrape eBay Product Reviews with Python [Step–by–Step Guide],https://www.scraperapi.com/blog/scrape-ebay-reviews/
Step by Step Guide to Build a Google Trends Scraper Using PyTrends,https://www.scraperapi.com/blog/google-trends-scraper/
10 Ticket Proxies For Web Scraping in 2021,https://www.scraperapi.com/blog/best-ticket-proxies-web-scraping/
How to Scrape Stock Market Data Using Python in Just 6 Steps,https://www.scraperapi.com/blog/how-to-scrape-stock-market-data-with-python/
How to Scrape Alibaba Product Data [Step-by-Step Guide],https://www.scraperapi.com/blog/scrape-alibaba-data/
Scrape Walmart Product Reviews at Scale,https://www.scraperapi.com/blog/scrape-walmart-reviews/
How to Scrape AliExpress Product Listings [Guide and Tips],https://www.scraperapi.com/blog/scrape-aliexpress-product-data/
8 Best No-Code Web Scrapers To Scale Data Collection,https://www.scraperapi.com/blog/no-code-web-scrapers/
How to Build an eBay Price Checker with Node.js,https://www.scraperapi.com/blog/ebay-price-monitoring/
How to Scrape Walmart Product Data with Node.js,https://www.scraperapi.com/blog/nodejs-walmart-scraper/
How to Scrape Etsy Product Data with Python,https://www.scraperapi.com/blog/how-to-scrape-etsy/
How to Scrape Amazon using Python and Beautiful Soup,https://www.scraperapi.com/blog/amazon-web-scraping/
The Best Instant Data Scraper in 2023,https://www.scraperapi.com/blog/best-instant-data-scraper/
How to Bypass CAPTCHAs While Scraping Amazon,https://www.scraperapi.com/blog/bypass-amazon-captchas/
Is Scraping Amazon Legal? Tips and Considerations,https://www.scraperapi.com/blog/amazon-web-scraping-policy/
The 7 Best Tools for Amazon Sellers,https://www.scraperapi.com/blog/best-tools-for-amazon-sellers/
Scrape eBay with Python [Complete Guide],https://www.scraperapi.com/blog/scrape-ebay-with-python/
How to Scrape Twitter Data Using Python Without Using Twitter’s API,https://www.scraperapi.com/blog/scrape-twitter-data/
Web Scraping with Node.js: The Best Tools to Use,https://www.scraperapi.com/blog/best-nodejs-scraping-tools/
How to Scrape Amazon Products Using Node.js and Puppeteer,https://www.scraperapi.com/blog/scrape-amazon-product-data/
SERP monitoring: How to Extract SERPs in Seconds,https://www.scraperapi.com/blog/google-serp-monitor/
How to Scrape Glassdoor Legally Without Headless Browsers,https://www.scraperapi.com/blog/how-to-scrape-glassdoor/
How to Scrape Cloudflare Protected Websites with Python,https://www.scraperapi.com/blog/scrape-cloudflare-protected-websites-with-python/
10 Tips For Web Scraping Without Getting Blocked/Blacklisted,https://www.scraperapi.com/blog/10-tips-for-web-scraping/
How to Scrape Google Hotel Prices with Node.js,https://www.scraperapi.com/blog/google-hotel-price-scraper/
Easy Guide on Scraping LinkedIn With Python + Full Code!,https://www.scraperapi.com/blog/linkedin-scraper-python/
Price Scraping: Tools and Methods for Ecommerce Brands,https://www.scraperapi.com/blog/price-scraping-for-ecommerce/
Google Maps scraper [Complete Guide 2023],https://www.scraperapi.com/blog/google-maps-scraper/
How to Gain a Competitive Edge with Amazon Data (+ Templates),https://www.scraperapi.com/blog/how-to-use-amazon-data-to-gain-a-competitive-edge/
How to Grab HTTP Headers and Cookies for Web Scraping,https://www.scraperapi.com/blog/headers-and-cookies-for-web-scraping/
Python Requests: How to Use and Rotate Proxies,https://www.scraperapi.com/blog/how-to-use-and-rotate-proxies-in-python/
Scrape Amazon Reviews: How to Scale the Process,https://www.scraperapi.com/blog/how-to-scrape-amazon-reviews-at-scale/
Scrape Amazon ASIN: How to Do It at Scale,https://www.scraperapi.com/blog/how-to-scrape-amazon-asin-at-scale/
Top 7 Google SERP APIs (Free & Paid),https://www.scraperapi.com/blog/top-google-serp-api-search-engine-proxies-and-scraping-tools/
Building a Web Scraper With Python & Scrapy for Beginners,https://www.scraperapi.com/blog/scrapy-web-scraping/
Web Scraping in R: How to Easily Use rvest for Scraping Data,https://www.scraperapi.com/blog/web-scraping-with-r/
Web Scraping Guide Using Python & Beautiful Soup + Full Code,https://www.scraperapi.com/blog/web-scraping-python/
Python Scrapy Tutorial: Scraping Data From Google Search,https://www.scraperapi.com/blog/scrape-data-google-search-results/
Web Scraping With C# Without Getting Blocked,https://www.scraperapi.com/blog/web-scraping-in-c-sharp/
Difficult-to-Scrape Page Types Solved by ScraperAPI,https://www.scraperapi.com/blog/difficult-to-scrape-page-types/
The Only CSS Selectors Cheat Sheet You Need for Web Scraping,https://www.scraperapi.com/blog/css-selectors-cheat-sheet/
How to Web Scrape With JavaScript & Node.js + CAPTCHAs Tips,https://www.scraperapi.com/blog/web-scraping-javascript-tutorial/
Web Scraping With Ruby – Build a Powerful Scraper in 7 Steps,https://www.scraperapi.com/blog/ruby-web-scraping-build-a-powerful-web-scraper-with-ruby/
Easily Build a PHP Web Scraper With Goutte + Code Examples,https://www.scraperapi.com/blog/simple-guide-to-building-a-php-web-scraper-using-goutte-for-beginners/
Fix Pagination Problems in Python in Just 6 Simple Steps,https://www.scraperapi.com/blog/how-to-deal-with-pagination-in-python-step-by-step-guide-full-code/
"How to Scrape eBay Using Javascript – Legal, Fast, and Free",https://www.scraperapi.com/blog/ebay-web-scraper-tutorial/
Building A Golang Web Scraper: Simple Steps + Real Example,https://www.scraperapi.com/blog/golang-web-scraper/
Build a Javascript Table Web Scraper With Python in 5 Steps,https://www.scraperapi.com/blog/scrape-javascript-tables-python/
Web Scraping Pricing: Choosing the Right Solution,https://www.scraperapi.com/blog/web-scraping-pricing-and-choosing-the-right-solution/
How to Scrape in Another Language and Location,https://www.scraperapi.com/blog/how-to-scrape-in-another-language-and-location/
How to Scrape LinkedIn Legally: 15k Job Listing in Seconds,https://www.scraperapi.com/blog/how-to-build-a-linkedin-scraper/
How to Scrape Keyword Rankings Into a Spreadsheet with Python,https://www.scraperapi.com/blog/how-to-scrape-keyword-rankings-into-a-spreadsheet-with-python/
The 5 Best Amazon Scraping APIs,https://www.scraperapi.com/blog/best-amazon-scraping-apis/
How to Choose a Data Collection Tool in 2023,https://www.scraperapi.com/blog/how-to-choose-a-data-collection-tool/
How to Scrape HTML Tables in Golang Using Colly [Quick Guide],https://www.scraperapi.com/blog/scrape-html-tables-in-golang-using-colly/
Enriching your Web Pages with Structured Data Using ChatGPT,https://www.scraperapi.com/blog/enriching-your-web-pages-with-structured-data-using-chatgpt/
The Best Rotating Proxies For Amazon Scraping,https://www.scraperapi.com/blog/best-rotating-proxies-for-amazon-scraping/
The 5 Best Google Scholar APIs and Proxies in 2023,https://www.scraperapi.com/blog/best-google-scholar-apis-proxies/
What Kind of Companies Use Web Scrapers?,https://www.scraperapi.com/blog/what-kind-of-companies-use-web-scrapers/
Top 7 Google Image Search APIs and Proxies,https://www.scraperapi.com/blog/best-google-image-search-apis-and-proxies/
Is Web Scraping Legal? The Complete Guide,https://www.scraperapi.com/blog/is-web-scraping-legal/
Top 10 Free Proxies for Web Scraping – Best of the Best (Free Proxy List),https://www.scraperapi.com/blog/best-10-free-proxies-and-free-proxy-lists-for-web-scraping/
Structured vs Unstructured Data in Web Scraping – Differences Explained,https://www.scraperapi.com/blog/structured-data-and-unstructured-data-explained/
14 Web Scraping Tools: Who They Are For & What They Excel At,https://www.scraperapi.com/blog/the-14-best-web-scraping-tools/
5 Small Business Web Scraping Use Cases [Code Snippets Included],https://www.scraperapi.com/blog/small-business-web-scraping-use-cases-with-snippet/
The Link Between Web Scraping and Stock Trading,https://www.scraperapi.com/blog/the-link-between-web-scraping-and-stock-trading/
Alternative Data Scraping is the Next Big Thing in Finance—Here’s Why,https://www.scraperapi.com/blog/alternative-data-scraping-is-the-next-big-thing-in-finance/
10 Residential & Rotating Proxies – Which One Is Best?,https://www.scraperapi.com/blog/the-10-best-rotating-proxy-services-for-web-scraping/
What is a Dataset – And How to Build Your Own with Web Scraping,https://www.scraperapi.com/blog/how-to-build-your-own-dataset-with-web-scraping/
"What is Sentiment Analysis, and Why is it Important?",https://www.scraperapi.com/blog/what-is-sentiment-analysis/
Why Use a Web Scraper to Improve Machine Learning Datasets,https://www.scraperapi.com/blog/why-use-a-web-scraper-to-improve-machine-learning-datasets/
How to Scrape Competitors’ Google Ads Data to Better Your Own,https://www.scraperapi.com/blog/how-to-scrape-competitors-google-ads-data-to-better-your-own/
How to Use Web Scraping to Empower Marketing Decisions,https://www.scraperapi.com/blog/how-to-use-web-scraping-to-empower-marketing-decisions/
How to Hide Your IP Address for Web Scraping,https://www.scraperapi.com/blog/how-to-hide-your-ip-address-for-web-scraping/
Web Scraping for Data-Driven Recruitment: Benefits and Best Practices,https://www.scraperapi.com/blog/web-scraping-for-data-driven-recruitment/
How to Web Scrape Zillow,https://www.scraperapi.com/blog/how-to-web-scrape-zillow/
The 9 Best Sneaker Proxy Providers,https://www.scraperapi.com/blog/best-sneaker-proxy-providers-residential-datacenter/
Web Scraping in eCommerce: Use Cases and Tips For Scraping at Scale,https://www.scraperapi.com/blog/web-scraping-in-ecommerce-use-cases-and-tips/
Web Scraping Software Reviews and Tips To Help You Scrape The Internet,https://www.scraperapi.com/blog/web-scraping-software-reviews/
Using Web Scraping to Launch Your Startup,https://www.scraperapi.com/blog/web-scraping-to-launch-your-startup/
"The 7 Best Social Media & TikTok Proxy Solutions for Web Scraping, Automation, and Growth Hacking",https://www.scraperapi.com/blog/best-social-media-tiktok-proxy-for-web-scraping-automation/
How Growth Hackers Use Web Scraping,https://www.scraperapi.com/blog/how-growth-hackers-use-web-scraping/
"Top 10 IPv6 Proxies Compared – Price, Host Country & Speed",https://www.scraperapi.com/blog/best-ipv6-proxy-providers-for-web-scraping/
Web Scraping Best Practices: ScraperAPI’s Cheat Sheet,https://www.scraperapi.com/blog/web-scraping-best-practices/
Web Scraping vs Data Mining: Differences and Applications,https://www.scraperapi.com/blog/web-scraping-vs-data-mining-differences-and-applications/
Cheerio vs Puppeteer for Web Scraping – Which One Is for You,https://www.scraperapi.com/blog/cheerio-vs-puppeteer/
What Is Data Parsing in Web Scraping? + Bonus Code Snippets!,https://www.scraperapi.com/blog/what-is-data-parsing/
"6 Types of Proxies You Need to Know: Free, Residential, Etc.",https://www.scraperapi.com/blog/free-shared-dedicated-datacenter-residential-rotating-proxies-for-web-scraping/
"How to Scrape Amazon Product Data: Prices, Search Page, Etc.",https://www.scraperapi.com/blog/how-to-scrape-amazon-product-data/
Real Estate Scraper: Why You Need One and How to Create It,https://www.scraperapi.com/blog/real-estate-web-scraping/
Web Scraping for Online Reputation Management,https://www.scraperapi.com/blog/web-scraping-for-online-reputation-management/
Using Web Scraping to Generate Leads,https://www.scraperapi.com/blog/using-web-scraping-to-generate-leads/
How Hedge Funds Are Using Web Scrapers,https://www.scraperapi.com/blog/how-hedge-funds-are-using-web-scrapers/
Top 10 Mobile Proxy Providers for Web Scraping – Pros & Cons,https://www.scraperapi.com/blog/10-best-mobile-3g-4g-proxy-providers-for-web-scraping/
"Top 10 Dedicated, Virgin and Shared Proxies – Which Is Best?",https://www.scraperapi.com/blog/best-dedicated-shared-virgin-proxy-providers-for-web-scraping/
5 Tips for Building Large Scale Web Scrapers – Must Read,https://www.scraperapi.com/blog/5-tips-for-build-large-scale-web-scrapers/
Proxy Management: In-House or Out-House? | Make No Mistakes,https://www.scraperapi.com/blog/proxy-management-in-house-or-off-the-shelf/
Blog,https://www.scraperapi.com/blog/
